quote,author,minor_attribution,,
"Speech is a mirror of the soul: as a man speaks, so is he.",Traditional English,Proverb,,
Don't throw the baby out with the bathwater.,Traditional English,Proverb,,
A bad workman blames his tools.,Traditional English,Proverb,,
Barking dogs seldom bite.,Traditional English,Proverb,,
His bark is worse than his bite.,Traditional English,Proverb,,
Beggars can't be choosers.,Traditional English,Proverb,,
Two wrongs don't make a right,Traditional English,Proverb,,
Better late than never.,Traditional English,Proverb,,
A bird in the hand is worth two in the bush,Traditional English,Proverb,,
Birds of a feather flock together.,Traditional English,Proverb,,
Don't bite off more than you can chew.,Traditional English,Proverb,,
Don't bite the hand that feeds you.,Traditional English,Proverb,,
Blood is thicker than water.,Traditional English,Proverb,,
A rising tide lifts all boats.,Traditional English,Proverb,,
Don't judge a man until you have walked a mile in his shoes.,Traditional English,Proverb,,
A broken watch is right twice a day.,Traditional English,Proverb,,
You can't have your cake and eat it too.,Traditional English,Proverb,,
Don't burn the candle at both ends.,Traditional English,Proverb,,
Curiosity killed the cat.,Traditional English,Proverb,,
A chain is only as strong as its weakest link.,Traditional English,Proverb,,
Charity begins at home,Traditional English,Proverb,,
Spare the rod and spoil the child.,Traditional English,Proverb,,
Every dog has his day.,Traditional English,Proverb,,
"It is not the size of the dog in the fight that counts, but the fight in the dog that matters.",Anonymous American,Proverb,,
"When one door closes, another door opens.",Traditional English,Proverb,,
"If it looks like a duck, swims like a duck, and quacks like a duck, then it probably is a duck.",Traditional English,Proverb,,
"Early to bed and early to rise, makes a man healthy, wealthy and wise.",Traditional English,Proverb,,
Easier said than done.,Traditional English,Proverb,,
Don't put all your eggs in one basket.,Traditional English,Proverb,,
You can't make an omlette without breaking a few eggs.,Traditional English,Proverb,,
An Englishman's home is his castle.,Traditional English,Proverb,,
The exception proves the rule.,Traditional English,Proverb,,
Give a man a fish and you feed him for a day. Teach a man to fish and you feed him for a lifetime,Traditional English,Proverb,,
"Fool me once, shame on you. Fool me twice, shame on me.",Traditional English,Proverb,,
A friend in need is a friend indeed.,Traditional English,Proverb,,
"With friends like these, who needs enemies?",Traditional English,Proverb,,
Give him an inch and he'll take a mile.,Traditional English,Proverb,,
"When the going gets tough, the tough get going.",Traditional English,Proverb,,
Home is where the heart is.,Traditional English,Proverb,,
Put the cart before the horse.,Traditional English,Proverb,,
Never look a gift horse in the mouth.,Traditional English,Proverb,,
You can lead a horse to water but you can't make it drink.,Traditional English,Proverb,,
People who live in glass houses shouldn't throw stones.,Traditional English,Proverb,,
Don't have too many irons in the fire.,Traditional English,Proverb,,
Strike while the iron is hot.,Traditional English,Proverb,,
No man is an island.,Traditional English,Proverb,,
"If a job is worth doing, it is worth doing well.",Traditional English,Proverb,,
Justice delayed is justice denied.,Traditional English,Proverb,,
Keep your friends close but your enemies closer.,Traditional English,Proverb,,
"If you can't take the heat, get out of the kitchen",Traditional English,Proverb,,
"In the land of the blind, the one-eyed man is king.",Traditional English,Proverb,,
"He who laughs last, laughs best.",Traditional English,Proverb,,
"Laugh and the world laughs with you, cry and you cry alone.",Traditional English,Proverb,,
The best things in life are free.,Traditional English,Proverb,,
Lightning never strikes twice in the same place.,Traditional English,Proverb,,
The way to a man's heart is through his stomach.,Traditional English,Proverb,,
It's no use crying over spilt milk.,Traditional English,Proverb,,
Don't make the same mistake twice.,Traditional English,Proverb,,
Put your money where your mouth is.,Traditional English,Proverb,,
"The more things change, the more they stay the same.",Traditional English,Proverb,,
Don't make a mountain out of a molehill.,Traditional English,Proverb,,
"If you don't have anything nice to say, don't say anything at all.",Traditional English,Proverb,,
"Nothing ventured, nothing gained.",Traditional English,Proverb,,
Good things come in small packages.,Traditional English,Proverb,,
Look after the pennies and the pounds will look after themselves.,Traditional English,Proverb,,
"Hope for the best, but prepare for the worst.",Traditional English,Proverb,,
"If you're not part of the solution, you're part of the problem.",Traditional English,Proverb,,
Revenge is a dish best served cold.,Traditional English,Proverb,,
Sticks and stones may break my bones but words will never hurt me.,Traditional English,Proverb,,
One swallow does not make a summer.,Traditional English,Proverb,,
The pen is mightier than the sword.,Traditional English,Proverb,,
"Live by the sword, die by the sword.",Traditional English,Proverb,,
Time and tide wait for no man.,Traditional English,Proverb,,
The truth shall set you free.,Traditional English,Proverb,,
Truth is stranger than fiction.,Traditional English,Proverb,,
You never know what you can do until you try.,Traditional English,Proverb,,
Empty vessels make the most noise.,Traditional English,Proverb,,
It takes a village to raise a child.,Traditional English,Proverb,,
Don't talk the talk if you can't walk the walk.,Traditional English,Proverb,,
"Where there is a will, there is a way.",Traditional English,Proverb,,
Slow and steady wins the race.,Traditional English,Proverb,,
"Be careful what you wish for, you just might get it.",Traditional English,Proverb,,
Hell hath no fury like a woman scorned.,Traditional English,Proverb,,
Many a true word is spoken in jest.,Traditional English,Proverb,,
Many lack the originality to lack originality.,George Bernard Shaw,Fabian Essays in Socialism 1889,,
The single biggest problem in communication is the illusion that it has taken place.,George Bernard Shaw,Attributed widely quoted in later works,,
Beware of false knowledge; it is more dangerous than ignorance.,George Bernard Shaw,Man and Superman 1903,,
Youth is wasted on the young.,George Bernard Shaw,Attributed often linked to Misalliance 1910,,
Many lack the originality to lack originality.,Oscar Wilde,The Picture of Dorian Gray 1890,,
The only thing worse than being talked about is not being talked about.,Oscar Wilde,The Picture of Dorian Gray 1890,,
Some cause happiness wherever they go; others whenever they go.,Oscar Wilde,The Importance of Being Earnest 1895,,
Most people are other people.,Oscar Wilde,De Profundis 1897 letter from prison,,
Human history becomes more and more a race between education and catastrophe.,H.G. Wells,The Outline of History 1920,,
We must not allow the clock and the calendar to blind us to the fact that each moment of life is a miracle and mystery.,H.G. Wells,The Time Machine 1895,,
If you fell down yesterday stand up today.,H.G. Wells,The War of the Worlds 1898,,
The past is but the beginning of a beginning.,H.G. Wells,The Discovery of the Future 1902,,
The female of the species is more deadly than the male.,Rudyard Kipling,The Female of the Species poem 1911,,
If you can keep your head when all about you are losing theirs.,Rudyard Kipling,If poem 1910,,
Words are of course the most powerful drug used by mankind.,Rudyard Kipling,Speech to the Royal College of Surgeons 1923,,
A man can never have too much red wine too many books or too much ammunition.,Rudyard Kipling,Attributed from Kim 1901,,
The poets have been mysteriously silent on the subject of cheese.,G.K. Chesterton,Alarms and Discursions 1910,,
Fairy tales are more than true: not because they tell us that dragons exist but because they tell us that dragons can be beaten.,G.K. Chesterton,Tremendous Trifles 1909,,
The true soldier fights not because he hates what is in front of him but because he loves what is behind him.,G.K. Chesterton,The Illustrated London News 1911,,
There is no such thing on earth as an uninteresting subject.,G.K. Chesterton,Heretics 1905,,
All animals are equal but some animals are more equal than others.,George Orwell,Animal Farm 1945,,
Who controls the past controls the future.,George Orwell,1984 1949,,
Big Brother is watching you.,George Orwell,1984 1949,,
In a time of universal deceit telling the truth is a revolutionary act.,George Orwell,Attributed possibly from 1984 interviews,,
When you have eliminated the impossible whatever remains however improbable must be the truth.,Arthur Conan Doyle,The Sign of the Four 1890,,
It is a capital mistake to theorize before one has data.,Arthur Conan Doyle,A Scandal in Bohemia 1891,,
Mediocrity knows nothing higher than itself; but talent instantly recognizes genius.,Arthur Conan Doyle,The Valley of Fear 1915,,
The world is full of obvious things which nobody by any chance ever observes.,Arthur Conan Doyle,The Hound of the Baskervilles 1902,,
It was the best of times it was the worst of times.,Charles Dickens,A Tale of Two Cities 1859,,
Please sir I want some more.,Charles Dickens,Oliver Twist 1838,,
We forge the chains we wear in life.,Charles Dickens,A Christmas Carol 1843,,
There is nothing so strong or safe in an emergency of life as the simple truth.,Charles Dickens,David Copperfield 1850,,
It is a truth universally acknowledged that a single man in possession of a good fortune must be in want of a wife.,Jane Austen,Pride and Prejudice 1813,,
I declare after all there is no enjoyment like reading!,Jane Austen,Pride and Prejudice 1813,,
Selfishness must always be forgiven you know because there is no hope of a cure.,Jane Austen,Mansfield Park 1814,,
Nobody minds having what is too good for them.,Jane Austen,Northanger Abbey 1817,,
It's never too late to be what you might have been.,George Eliot,Attributed widely quoted from Middlemarch 1871,,
Our deeds determine us as much as we determine our deeds.,George Eliot,Adam Bede 1859,,
The strongest principle of growth lies in human choice.,George Eliot,Daniel Deronda 1876,,
Blessed is the man who having nothing to say abstains from giving us wordy evidence of the fact.,George Eliot,Impressions of Theophrastus Such 1879,,
Beware; for I am fearless and therefore powerful.,Mary Shelley,Frankenstein 1818,,
Nothing is so painful to the human mind as a great and sudden change.,Mary Shelley,Frankenstein 1818,,
The beginning is always today.,Mary Shelley,The Last Man 1826,,
Life is obstinate and clings closest where it is most hated.,Mary Shelley,Frankenstein 1818,,
The difficulty lies not so much in developing new ideas as in escaping from old ones.,John Maynard Keynes,The General Theory of Employment Interest and Money 1936,,
In the long run we are all dead.,John Maynard Keynes,A Tract on Monetary Reform 1923,,
Ideas shape the course of history.,John Maynard Keynes,The End of Laissez-Faire 1926,,
The market can remain irrational longer than you can remain solvent.,John Maynard Keynes,Attributed from economic discussions 1930s,,
It is not from the benevolence of the butcher the brewer or the baker that we expect our dinner.,Adam Smith,The Wealth of Nations 1776,,
The real tragedy of the poor is the poverty of their aspirations.,Adam Smith,Attributed linked to Theory of Moral Sentiments 1759,,
All money is a matter of belief.,Adam Smith,The Wealth of Nations 1776,,
No society can surely be flourishing and happy of which the far greater part of the members are poor and miserable.,Adam Smith,The Wealth of Nations 1776,,
Beauty in things exists in the mind which contemplates them.,David Hume,Essays Moral and Political 1742,,
The life of man is of no greater duration than the breath of his nostrils.,David Hume,A Treatise of Human Nature 1739,,
Reason is and ought only to be the slave of the passions.,David Hume,A Treatise of Human Nature 1739,,
Custom is the great guide of human life.,David Hume,An Enquiry Concerning Human Understanding 1748,,
The only freedom which deserves the name is that of pursuing our own good in our own way.,John Stuart Mill,On Liberty 1859,,
Bad men need nothing more to compass their ends than that good men should look on and do nothing.,John Stuart Mill,Inaugural Address at University of St. Andrews 1867,,
A person may cause evil to others not only by his actions but by his inaction.,John Stuart Mill,On Liberty 1859,,
Originality is the one thing which unoriginal minds cannot feel the use of.,John Stuart Mill,On Liberty 1859,,
The only fence against the world is a thorough knowledge of it.,John Locke,Some Thoughts Concerning Education 1693,,
All mankind being all equal and independent no one ought to harm another.,John Locke,Second Treatise of Government 1689,,
Wherever law ends tyranny begins.,John Locke,Second Treatise of Government 1689,,
Knowledge is the treasure of a wise man.,John Locke,An Essay Concerning Human Understanding 1689,,
I have sworn upon the altar of God eternal hostility against every form of tyranny over the mind of man.,Thomas Jefferson,Letter to Benjamin Rush 1800,,
The price of liberty is eternal vigilance.,Thomas Jefferson,Attributed popularized in speeches,,
Those who deny freedom to others deserve it not for themselves.,Abraham Lincoln,Letter to Henry Pierce 1859,,
Government of the people by the people for the people shall not perish from the earth.,Abraham Lincoln,Gettysburg Address 1863,,
The ballot is stronger than the bullet.,Abraham Lincoln,Speech in Springfield 1856,,
If you tell the truth you don't have to remember anything.,Mark Twain,Notebook 1894,,
The man who does not read has no advantage over the man who cannot read.,Mark Twain,Attributed from The Prince and the Pauper 1881,,
Courage is resistance to fear mastery of fear not absence of fear.,Mark Twain,Pudd'nhead Wilson 1894,,
I am not afraid of storms for I am learning how to sail my ship.,Louisa May Alcott,Little Women 1868,,
Love is a great beautifier.,Louisa May Alcott,Little Women 1868,,
I went to the woods because I wished to live deliberately.,Henry David Thoreau,Walden 1854,,
The mass of men lead lives of quiet desperation.,Henry David Thoreau,Walden 1854,,
Speak softly and carry a big stick; you will go far.,Theodore Roosevelt,Letter to Henry Sprague 1900 cowboy phase,,
There's a sucker born every minute.,P.T. Barnum,Attributed from Barnum's circus promotion 1870s,,
The greatest humbug of all is the man who believes or pretends to believe that everything and everybody can be bought.,P.T. Barnum,The Humbugs of the World 1865,,
Live all you can; it's a mistake not to.,Henry James,The Ambassadors 1903,,
We work in the dark we do what we can we give what we have.,Henry James,The Middle Years 1893,,
It is a great thing to start life with a small number of really good books which are your very own.,Herman Melville,Moby-Dick 1851,,
Call me Ishmael.,Herman Melville,Moby-Dick 1851,,
The most merciful thing in the world is the inability of the human mind to correlate all its contents.,H.P. Lovecraft,The Call of Cthulhu 1926,,
I am Providence.,H.P. Lovecraft,Letter to James Morton 1923,,
The law of survival of the fittest was not made by man.,Herbert Spencer,1864,,
I would rather be ashes than dust.,Jack London,Attributed from San Francisco Examiner 1916,,
Mr. Gorbachev tear down this wall!,Ronald Reagan,Speech in West Berlin 1987,,
Government is not the solution to our problem; government is the problem.,Ronald Reagan,First Inaugural Address 1981,,
Freedom is never more than one generation away from extinction.,Ronald Reagan,Speech to the Phoenix Chamber of Commerce 1961,,
Peace through strength.,Ronald Reagan,Campaign slogan and speeches 1980s,,
Trust but verify.,Ronald Reagan,Remarks on Soviet arms talks 1987,,
The great silent majority.,Richard Nixon,Speech on Vietnam War 1969,,
I am not a crook.,Richard Nixon,Press conference 1973,,
The jaws of victory.,Richard Nixon,Speech on Vietnamization 1970,,
We must be the great arsenal of democracy.,Richard Nixon,Campaign speech 1960,,
Ask not what your country can do for you ask what you can do for your country.,John F. Kennedy,Inaugural Address 1961,,
We choose to go to the moon.,John F. Kennedy,Speech at Rice University 1962,,
Let us never negotiate out of fear but let us never fear to negotiate.,John F. Kennedy,Inaugural Address 1961,,
The only thing we have to fear is fear itself.,Franklin D. Roosevelt,First Inaugural Address 1933,,
We are trying to construct a more inclusive society.,Franklin D. Roosevelt,Radio address 1936,,
Yesterday December 7 1941 a date which will live in infamy.,Franklin D. Roosevelt,Speech to Congress 1941,,
We shall overcome because the arc of the moral universe is long but it bends toward justice.,Lyndon B. Johnson,Speech on Voting Rights Act 1965,,
I shall not seek and I will not accept the nomination of my party for another term.,Lyndon B. Johnson,Address to the nation 1968,,
We must be ready to dare all for our country.,Lyndon B. Johnson,Speech on Vietnam 1965,,
We must guard against the military-industrial complex.,Dwight D. Eisenhower,Farewell Address 1961,,
Every gun that is made every warship launched every rocket fired signifies a theft from those who hunger and are not fed.,Dwight D. Eisenhower,Speech to American Society of Newspaper Editors 1953,,
I disapprove of what you say but I will defend to the death your right to say it.,Evelyn Beatrice Hall,The Life of Voltaire 1903,,
God is a comedian playing to an audience too afraid to laugh.,Voltaire,Candide 1759,,
Common sense is not so common.,Voltaire,Dictionnaire Philosophique 1764,,
Everything you see I owe to spaghetti.,Jules Verne,Attributed from interviews 1880s,,
An invasion of armies can be resisted but not an idea whose time has come.,Victor Hugo,Historia de un Crimen 1877,,
Nothing is more powerful than an idea whose time has come.,Victor Hugo,Les Miserables 1862 variant,,
To love another person is to see the face of God.,Victor Hugo,Les Miserables 1862,,
The past is a foreign country; they do things differently there.,Marcel Proust,In Search of Lost Time 1913 often misquoted,,
Happiness is beneficial for the body but it is grief that develops the powers of the mind.,Marcel Proust,In Search of Lost Time 1913,,
Liberty equality fraternity or death.,Georges Danton,Speech to the National Convention 1793,,
Show my head to the people it is worth seeing.,Georges Danton,Last words at execution 1794,,
The people have only one dangerous enemy: the government.,Jean-Paul Marat,L'Ami du Peuple 1790,,
Man is born free and everywhere he is in chains.,Marquis de Sade,Justine 1791,,
The imagination is the spur of delights.,Marquis de Sade,Philosophy in the Bedroom 1795,,
Truth is on the march and nothing can stop it.,Emile Zola,J'Accuse! letter 1898,,
An army marches on its stomach.,Napoleon Bonaparte,Attributed from military campaigns 1800s,,
Impossible is a word to be found only in the dictionary of fools.,Napoleon Bonaparte,Letter to General Lemarois 1813,,
All for one one for all.,Alexandre Dumas,The Three Musketeers 1844,,
There is neither happiness nor misery in the world; there is only the comparison of one state with another.,Alexandre Dumas,The Count of Monte Cristo 1844,,
There are two ways of seeing: with the body and with the soul.,George Sand,Consuelo 1842,,
Life resembles a novel more often than novels resemble life.,George Sand,Letter to Flaubert 1866,,
Man is a creature who can get used to anything.,Fyodor Dostoyevsky,The House of the Dead 1862,,
The degree of civilization in a society can be judged by entering its prisons.,Fyodor Dostoyevsky,The House of the Dead 1862,,
To live without hope is to cease to live.,Fyodor Dostoyevsky,Crime and Punishment 1866,,
The soul is healed by being with children.,Fyodor Dostoyevsky,The Idiot 1869,,
Don't be afraid of life.,Anton Chekhov,The Seagull 1896,,
Any idiot can face a crisis; it's this day-to-day living that wears you out.,Anton Chekhov,Uncle Vanya 1899,,
Knowledge is of no value unless you put it into practice.,Anton Chekhov,Letter to brother Alexander 1886,,
The role of the artist is to ask questions not answer them.,Anton Chekhov,Letter to Alexei Suvorin 1888,,
All happy families are alike; each unhappy family is unhappy in its own way.,Leo Tolstoy,Anna Karenina 1878,,
If you look for perfection you'll never be content.,Leo Tolstoy,Anna Karenina 1878,,
The sole meaning of life is to serve humanity.,Leo Tolstoy,War and Peace 1869,,
Everyone thinks of changing the world but no one thinks of changing himself.,Leo Tolstoy,Three Methods of Reform 1900,,
I loved you like forty thousand brothers.,Alexander Pushkin,Eugene Onegin 1833,,
Two fixed ideas can no more exist in one mind than two bodies can occupy one space.,Alexander Pushkin,The Queen of Spades 1834,,
Inspiration is needed in geometry just as much as in poetry.,Alexander Pushkin,Letter to Delvig 1827,,
The less we love her when we woo her the more we draw a woman in.,Alexander Pushkin,The Stone Guest 1830,,
What is hell? I maintain that it is the suffering of being unable to love.,Nikolai Gogol,Dead Souls 1842,,
There is nothing more tedious than a journey when one does not know where one is going.,Nikolai Gogol,The Government Inspector 1836,,
It is no use to blame the looking glass if your face is awry.,Nikolai Gogol,The Government Inspector 1836,,
The longer and more carefully we look at a funny story the sadder it becomes.,Nikolai Gogol,Dead Souls 1842,,
Man is broad too broad. I'd have him narrower.,Ivan Turgenev,Fathers and Sons 1862,,
Love is not a feeling but an act of will.,Ivan Turgenev,First Love 1860,,
Nature creates while man only destroys.,Ivan Turgenev,A Sportsman's Sketches 1852,,
Time sometimes flies like a bird sometimes crawls like a snail.,Ivan Turgenev,Fathers and Sons 1862,,
I loved you: love perhaps has not yet died in my soul.,Mikhail Lermontov,A Hero of Our Time 1840,,
Boredom is the legitimate kingdom of the philanthropic.,Mikhail Lermontov,A Hero of Our Time 1840,,
Many are those who live and die without ever knowing freedom.,Mikhail Lermontov,The Demon 1839,,
Two things fill the mind with ever new and increasing admiration and awe: the starry heavens above me and the moral law within me.,Immanuel Kant,Critique of Practical Reason 1788,,
Act only according to that maxim whereby you can at the same time will that it should become a universal law.,Immanuel Kant,Groundwork of the Metaphysics of Morals 1785,,
Out of the crooked timber of humanity no straight thing was ever made.,Immanuel Kant,Idea for a Universal History 1784,,
He who fights with monsters should look to it that he himself does not become a monster.,Friedrich Nietzsche,Thus Spoke Zarathustra 1883,,
God is dead. We have killed him.,Friedrich Nietzsche,The Gay Science 1882,,
That which does not kill us makes us stronger.,Friedrich Nietzsche,Twilight of the Idols 1888,,
The life of man is short but that of his fame may be everlasting.,Johann Wolfgang von Goethe,Faust Part I 1808,,
None are more hopelessly enslaved than those who falsely believe they are free.,Johann Wolfgang von Goethe,The Sorrows of Young Werther 1774,,
We are shaped and fashioned by what we love.,Johann Wolfgang von Goethe,Wilhelm Meister's Apprenticeship 1795,,
The history of the world is none other than the progress of the consciousness of freedom.,Georg Wilhelm Friedrich Hegel,Philosophy of History 1837,,
What is rational is actual and what is actual is rational.,Georg Wilhelm Friedrich Hegel,Philosophy of Right 1821,,
The owl of Minerva spreads its wings only with the falling of the dusk.,Georg Wilhelm Friedrich Hegel,Philosophy of Right 1821,,
The philosophers have only interpreted the world; the point is to change it.,Karl Marx,Theses on Feuerbach 1845,,
Religion is the opium of the people.,Karl Marx,Critique of Hegel's Philosophy of Right 1843,,
Workers of the world unite; you have nothing to lose but your chains.,Karl Marx,The Communist Manifesto 1848,,
The world is will and representation.,Arthur Schopenhauer,The World as Will and Representation 1819,,
Life is a business that does not cover the costs.,Arthur Schopenhauer,Parerga and Paralipomena 1851,,
Every man takes the limits of his own field of vision for the limits of the world.,Arthur Schopenhauer,Studies in Pessimism 1851,,
In the absence of religion the only true wisdom is to know that you know nothing.,Desiderius Erasmus,The Praise of Folly 1511,,
The summit of happiness is reached when a person is ready to be what he is.,Desiderius Erasmus,Adagia 1500,,
Prevention is better than cure.,Desiderius Erasmus,Letter to Christian Northoff 1497,,
I think therefore I am.,Gottfried Wilhelm Leibniz,Discourse on Metaphysics 1686 often misattributed to Descartes,,
The best of all possible worlds.,Gottfried Wilhelm Leibniz,Theodicy 1710,,
Nature does not make leaps.,Gottfried Wilhelm Leibniz,New Essays on Human Understanding 1704,,
The human body is the best picture of the human soul.,Baruch Spinoza,Ethics 1677,,
All things excellent are as difficult as they are rare.,Baruch Spinoza,Ethics 1677,,
"Peace is not an absence of war, it is a virtue, a state of mind, a disposition for benevolence.",Baruch Spinoza,Theological-Political Treatise 1670,,
I think therefore I am.,Rene Descartes,Discourse on the Method 1637,,
The heart has its reasons which reason knows nothing of.,Rene Descartes,Passions of the Soul 1649,,
Doubt is the origin of wisdom.,Rene Descartes,Meditations on First Philosophy 1641,,
"The first man, who having enclosed a piece of ground, bethought himself of saying ""This is mine"".",Jean-Jacques Rousseau,Discourse on Inequality 1755,,
"To be governed is to be watched, inspected, searched, fined, taxed.",Jean-Jacques Rousseau,The Social Contract 1762,,
The life of man is solitary poor nasty brutish and short.,Thomas Hobbes,Leviathan 1651,,
In the state of nature profit is the measure of right.,Thomas Hobbes,Leviathan 1651,,
To be is to be perceived.,George Berkeley,A Treatise Concerning the Principles of Human Knowledge 1710,,
The only things we perceive are our perceptions.,George Berkeley,Three Dialogues Between Hylas and Philonous 1713,,
All our knowledge begins with the senses.,George Berkeley,Principles of Human Knowledge 1710,,
It is better to be feared than loved if you cannot be both.,Niccolo Machiavelli,The Prince 1513,,
The ends justify the means.,Niccolo Machiavelli,The Prince 1513,,
Men are so simple and so much inclined to obey immediate needs that a deceiver will never lack victims.,Niccolo Machiavelli,The Prince 1513,,
The ultimate measure of a man is not where he stands in moments of comfort but where he stands at times of challenge.,William James,The Varieties of Religious Experience 1902,,
The greatest discovery of my generation is that a human being can alter his life by altering his attitudes.,William James,Principles of Psychology 1890,,
Believe that life is worth living and your belief will help create the fact.,William James,The Will to Believe 1896,,
A man is very apt to complain of the ingratitude of those who have risen far above him.,Samuel Johnson,Boswell's Life of Johnson 1776,,
A man may write at any time if he will set himself doggedly to it.,Samuel Johnson,Boswell's Life of Johnson 1776,,
A man's own observation is his best school.,Samuel Johnson,The Idler 1758,,
Abstinence is as easy to me as temperance would be difficult.,Samuel Johnson,Johnsoniana. Hannah More. 467.,,
"Being in a ship is being in a jail, with the chance of being drowned.",Samuel Johnson,Boswell's Life of Johnson 1776,,
"Books that you may carry to the fire and hold readily in your hand, are the most useful after all.",Samuel Johnson,Johnsoniana. Hawkins. 197.,,
Clear your mind of cant.,Samuel Johnson,Boswell's Life of Johnson 1783,,
"He is not only dull himself, but the cause of dullness in others.",Samuel Johnson,Boswell's Life of Johnson 1776,,
He that overvalues himself will undervalue others.,Samuel Johnson,The Rambler 1751,,
I have found you an argument; I am not obliged to find you an understanding.,Samuel Johnson,Boswell's Life of Johnson 1776,,
"It matters not how a man dies, but how he lives.",Samuel Johnson,Boswell's Life of Johnson 1776,,
"Knowledge is of two kinds: we know a subject ourselves, or we know where we can find information upon it.[372-2]",Samuel Johnson,Boswell's Life of Johnson 1776,,
Many things difficult to design prove easy to performance.,Samuel Johnson,The Rambler 1750,,
No man but a blockhead ever wrote except for money.,Samuel Johnson,Boswell's Life of Johnson 1776,,
Patriotism is the last refuge of a scoundrel.,Samuel Johnson,Boswell's Life of Johnson 1775,,
Questioning is not the mode of conversation among gentlemen.,Samuel Johnson,Boswell's Life of Johnson 1776,,
"That fellow seems to me to possess but one idea, and that is a wrong one.",Samuel Johnson,Boswell's Life of Johnson 1776,,
The applause of a single human being is of great consequence.,Samuel Johnson,Boswell's Life of Johnson 1776,,
The chains of habit are too weak to be felt until they are too strong to be broken.,Samuel Johnson,Boswell's Life of Johnson 1775,,
The law is the last result of human wisdom acting upon human experience for the benefit of the public.,Samuel Johnson,"Johnsoniana. Piozzi, 58.",,
The true measure of a man is how he treats someone who can do him absolutely no good.,Samuel Johnson,Boswell's Life of Johnson 1770,,
There is nothing which has yet been contrived by man by which so much happiness is produced as by a good tavern or inn.,Samuel Johnson,Boswell's Life of Johnson 1776,,
"This world, where much is to be done and little to be known.",Samuel Johnson,Prayers and Meditations. Against inquisitive and perplexing Thoughts.,,
When a man is tired of London he is tired of life; for there is in London all that life can afford.,Samuel Johnson,Boswell's Life of Johnson 1776,,
What you do not wish done to you do not do to others.,Confucius,Analects 500 BCE,,
The man who moves a mountain begins by carrying away small stones.,Confucius,Analects 500 BCE,,
To know what you know and what you do not know that is true knowledge.,Confucius,Analects 500 BCE,,
The mind is everything. What you think you become.,Buddha,Dhammapada 400 BCE,,
Peace comes from within. Do not seek it without.,Buddha,Sutta Pitaka 400 BCE,,
You only lose what you cling to.,Buddha,Attributed from teachings 400 BCE,,
The way that can be told is not the eternal way.,Lao Tzu,Tao Te Ching 500 BCE,,
He who knows others is wise; he who knows himself is enlightened.,Lao Tzu,Tao Te Ching 500 BCE,,
All warfare is based on deception.,Sun Tzu,The Art of War 500 BCE,,
The supreme art of war is to subdue the enemy without fighting.,Sun Tzu,The Art of War 500 BCE,,
Know the enemy and know yourself; in a hundred battles you will never be in peril.,Sun Tzu,The Art of War 500 BCE,,
Do not fear an enemy who attacks you; fear a friend who flatters you.,Miyamoto Musashi,The Book of Five Rings 1645,,
The ultimate aim of martial arts is not having to use them.,Miyamoto Musashi,The Book of Five Rings 1645,,
Perceive that which cannot be seen with the eye.,Miyamoto Musashi,The Book of Five Rings 1645,,
The revolution is not an apple that falls when it is ripe. You have to make it fall.,Mao Zedong,Speech in Yenan 1939,,
A single spark can start a prairie fire.,Mao Zedong,On Coalition Government 1945,,
Political power grows out of the barrel of a gun.,Mao Zedong,Speech at Communist meeting 1938,,
Ruling a great country is like cooking a small fish too much handling will spoil it.,Tokugawa Ieyasu,Attributed from sayings 1600s,,
Patience is the key to victory.,Tokugawa Ieyasu,Attributed from military precepts 1600s,,
When ambition ends happiness begins.,Tokugawa Ieyasu,Attributed from writings 1616,,
He has no enemies but is intensely disliked by his friends.,Oscar Wilde,The Picture of Dorian Gray 1890,,
He is a self-made man and worships his creator.,John Bright,Speech on Disraeli 1868,,
Some men are born mediocre some achieve mediocrity and some have mediocrity thrust upon them.,William Shakespeare, adap. by Wilde,,
His ignorance covers the world like a blanket and there's nothing under it.,Mark Twain,Letter to William Dean Howells 1887,,
He speaks with the tongues of angels but has the morals of a hyena.,George Bernard Shaw,Man and Superman 1903,,
He was born stupid and has greatly increased his birthright.,Samuel Butler,Erewhon 1872,,
He never said a foolish thing nor ever did a wise one.,Earl of Rochester, about King Charles II,,
The great questions of the day will not be settled by speeches and majority votes but by blood and iron.,Otto von Bismarck,Speech to Prussian House of Deputies 1862,,
Politics is the art of the possible.,Otto von Bismarck,Interview with Meyer von Waldeck 1867,,
In matters of principle stand like a rock; in matters of taste swim with the current.,Klemens von Metternich,Memoirs 1844,,
When France sneezes Europe catches a cold.,Klemens von Metternich,Letter to Schwarzenberg 1830,,
The balance of power is the only guarantee of peace.,Robert Stewart Viscount Castlereagh,Speech in House of Commons 1817,,
England has saved herself by her exertions and will as I trust save Europe by her example.,William Pitt the Younger,Speech in Guildhall 1805,,
Unlimited power corrupts the possessor.,William Pitt the Younger,Speech in House of Commons 1788,,
We have no eternal allies and we have no perpetual enemies.,Henry John Temple Lord Palmerston,Speech in House of Commons 1848,,
The function of souls is to maintain the British Empire.,Henry John Temple Lord Palmerston,Speech on foreign policy 1850,,
Every man's house is his castle.,Robert Walpole,Speech in House of Commons 1731,,
All power tends to corrupt and absolute power corrupts absolutely.,Lord Acton,Letter to Bishop Mandell Creighton 1887,,
We look forward to the time when the power of love will replace the love of power.,William Ewart Gladstone,Speech in Hawarden 1890,,
Show me a good loser and I'll show you a loser.,Charles Maurice de Talleyrand,Attributed from diplomatic talks 1800s,,
Speech was given to man to disguise his thoughts.,Charles Maurice de Talleyrand,Letter to Louis XVIII 1807,,
Taxation without representation is tyranny.,Frederick North Lord North,Speech on American colonies 1775 attrib. but contested,,
The Puritans hated bear-baiting not because it gave pain to the bear but because it gave pleasure to the spectators.,Thomas Babington Macaulay,History of England 1848,,
Every man who has power is impelled to abuse it.,Thomas Babington Macaulay,Essay on Milton 1825,,
The history of England is emphatically the history of progress.,Thomas Babington Macaulay,Speech on Reform Bill 1831,,
The decline of Rome was the natural and inevitable effect of immoderate greatness.,Edward Gibbon,The Decline and Fall of the Roman Empire 1776,,
History is little more than the register of the crimes, follies, and misfortunes of mankind.,Edward Gibbon,The Decline and Fall of the Roman Empire 1776
The various modes of worship which prevailed in the Roman world were all considered by the people as equally true.,Edward Gibbon,The Decline and Fall of the Roman Empire 1776,,
Knowledge is safer in the hands of the multitude than in the hands of the few.,Bede,Ecclesiastical History of the English People 731,,
It is better to be a beggar than ignorant; for a beggar only wants money but an ignorant man wants humanity.,Bede,Attributed from homilies 700s,,
Men's characters are not shaped by their circumstances but revealed by them.,Plutarch,Parallel Lives 100 CE,,
The mind is not a vessel to be filled but a fire to be kindled.,Plutarch,Moralia 100 CE,,
Many much-learned men have no intelligence.,Herodotus,The Histories 440 BCE,,
In peace sons bury their fathers; in war fathers bury their sons.,Herodotus,The Histories 440 BCE,,
The only good is knowledge and the only evil is ignorance.,Herodotus,The Histories 440 BCE,,
It is not histories I am writing but lives.,Plutarch,Parallel Lives 100 CE,,
Men are more ready to repay an injury than a benefit.,Tacitus,Annals 116 CE,,
The more corrupt the state the more numerous the laws.,Tacitus,Annals 116 CE,,
To ravage to slaughter to usurp under false titles this they name empire.,Tacitus,Agricola 98 CE,,
History is philosophy teaching by examples.,Thucydides,History of the Peloponnesian War 410 BCE,,
The strong do what they can and the weak suffer what they must.,Thucydides,History of the Peloponnesian War 410 BCE,,
The secret of happiness is freedom and the secret of freedom is courage.,Thucydides,History of the Peloponnesian War 410 BCE,,
The past is a lesson not a sentence.,Anna Komnene,The Alexiad 1148,,
Time in its irresistible and ceaseless flow carries along on its flood all created things.,Anna Komnene,The Alexiad 1148,,
Truth is the daughter of time.,Pliny the Elder,Natural History 77 CE,,
The only certainty is that nothing is certain.,Pliny the Elder,Natural History 77 CE,,
The life of man is of a short duration.,Xenophon,Anabasis 370 BCE,,
The sea! The sea!,Xenophon,Anabasis 370 BCE,,
I came I saw I conquered.,Julius Caesar,Letter to Roman Senate 47 BCE Veni vidi vici,,
The die is cast.,Julius Caesar,Suetonius' Lives of the Caesars 121 CE Alea iacta est 49 BCE,,
Cowards die many times before their deaths; the valiant never taste of death but once.,Julius Caesar,Shakespeare's Julius Caesar 1599 attrib. but not historical,,
I found Rome a city of bricks and left it a city of marble.,Augustus,Suetonius' Lives of the Caesars 121 CE,,
Make haste slowly.,Augustus,Suetonius' Lives of the Caesars 121 CE Festina lente,,
If you want peace prepare for war.,Augustus,Vegetius' Epitoma Rei Militaris 390 CE attrib. via paraphrase,,
You have power over your mind not outside events. Realize this and you will find strength.,Marcus Aurelius,Meditations 170 CE,,
The best revenge is to be unlike him who performed the injury.,Marcus Aurelius,Meditations 170 CE,,
What need is there to weep over parts of life? The whole of it calls for tears.,Marcus Aurelius,Meditations 170 CE,,
While there is life there is hope.,Cicero,Letters to Atticus 46 BCE Dum spiro spero,,
A room without books is like a body without a soul.,Cicero,Letters to Friends 45 BCE,,
I am not ashamed to confess that I am ignorant of what I do not know.,Cicero,On the Nature of the Gods 45 BCE,,
What fire does not destroy it hardens.,Nero,Seneca's On Benefits 60 CE attrib. via Seneca,,
Rome burns and I play the fiddle.,Nero,Not historical Tacitus' Annals 116 CE legend only,,
I wish I had never learned to write.,Caligula,Suetonius' Lives of the Caesars 121 CE unverified wish during reign,,
The only way to have a friend is to be one.,Cato the Younger,Plutarch's Lives 100 CE attrib.,,
I would rather be right than be president.,Claudius,Suetonius' Lives of the Caesars 121 CE attrib. via historians,,
Every man is the architect of his own fortune.,Claudius,Appian's Roman History 160 CE attrib.,,
All that begins must also end; what has grown must decline.,Seneca,Seneca's Letters 65 CE,,
Lost time is never found again.,Tiberius,Pliny the Younger's Letters 100 CE attrib. via paraphrase,,
Victory loves preparation.,Trajan,Ammianus Marcellinus' History 380 CE attrib. via paraphrase,,
Carthage must be destroyed.,Scipio Africanus,Plutarch's Lives 100 CE attrib. via Cato the Elder,,
I know that I know nothing.,Socrates,Plato's Apology 399 BCE,,
The unexamined life is not worth living.,Socrates,Plato's Apology 399 BCE,,
There is only one good knowledge and one evil ignorance.,Socrates,Diogenes Laertius' Lives of Eminent Philosophers 250 CE,,
The greatest way to live with honor in this world is to be what we pretend to be.,Socrates,Plato's Republic 375 BCE,,
We are what we repeatedly do. Excellence then is not an act but a habit.,Aristotle,Nicomachean Ethics 350 BCE,,
The whole is greater than the sum of its parts.,Aristotle,Metaphysics 335 BCE,,
Man is by nature a political animal.,Aristotle,Politics 350 BCE,,
Happiness depends upon ourselves.,Aristotle,Nicomachean Ethics 350 BCE,,
The only true wisdom is in knowing you know nothing.,Plato,Apology 399 BCE attrib. via Socrates,,
The measure of a man is what he does with power.,Plato,Republic 375 BCE,,
Wise men speak because they have something to say; fools because they have to say something.,Plato,Phaedrus 370 BCE,,
He who is not a good servant will not be a good master.,Plato,Theaetetus 369 BCE,,
He who is unable to live in society or who has no need because he is sufficient for himself must be either a beast or a god.,Aristotle,Politics 350 BCE,,
In a rich man's house there is no place to spit but his face.,Diogenes,Diogenes Laertius' Lives of Eminent Philosophers 250 CE,,
I am a citizen of the world.,Diogenes,Diogenes Laertius' Lives of Eminent Philosophers 250 CE,,
The foundation of every state is the education of its youth.,Diogenes,Diogenes Laertius' Lives of Eminent Philosophers 250 CE,,
Death does not concern us because as long as we exist death is not here.,Epicurus,Letter to Menoeceus 300 BCE,,
It is not what we have but what we enjoy that constitutes our abundance.,Epicurus,Principal Doctrines 300 BCE,,
The art of living well and the art of dying well are one.,Epicurus,Letter to Menoeceus 300 BCE,,
An ounce of prevention is worth a pound of cure.,Benjamin Franklin,Poor Richard's Almanack 1735,,
Well done is better than well said.,Benjamin Franklin,Poor Richard's Almanack 1737,,
Early to bed and early to rise makes a man healthy wealthy and wise.,Benjamin Franklin,Poor Richard's Almanack 1735,,
He that lies down with dogs shall rise up with fleas.,Benjamin Franklin,Poor Richard's Almanack 1733,,
In this world nothing can be said to be certain except death and taxes.,Benjamin Franklin,Letter to Jean-Baptiste Leroy 1789,,
A penny saved is a penny earned.,Benjamin Franklin,Poor Richard's Almanack 1737,,
Lost time is never found again.,Benjamin Franklin,Poor Richard's Almanack 1748,,
Fish and visitors stink after three days.,Benjamin Franklin,Poor Richard's Almanack 1736,,
Many have been ruined by buying good pennyworths.,Benjamin Franklin,Poor Richard's Almanack 1735,,
He that can have patience can have what he will.,Benjamin Franklin,Poor Richard's Almanack 1736,,
We are all born ignorant but one must work hard to remain stupid.,Benjamin Franklin,Letter to Joseph Priestley 1772,,
They who can give up essential liberty to obtain a little temporary safety deserve neither.,Benjamin Franklin,Pennsylvania Assembly Reply 1755,,
Tell me and I forget. Teach me and I remember. Involve me and I learn.,Benjamin Franklin,Attributed from writings 1750s,,
All the world's a stage and all the men and women merely players.,William Shakespeare,As You Like It 1599,,
The fault dear Brutus is not in our stars but in ourselves.,William Shakespeare,Julius Caesar 1599,,
Brevity is the soul of wit.,William Shakespeare,Hamlet 1600,,
Some are born great some achieve greatness and some have greatness thrust upon them.,William Shakespeare,Twelfth Night 1601,,
What's done is done.,William Shakespeare,Macbeth 1606,,
There is nothing either good or bad but thinking makes it so.,William Shakespeare,Hamlet 1600,,
"Love all, trust a few, do wrong to none.",William Shakespeare,All's Well That Ends Well 1604,,
The course of true love never did run smooth.,William Shakespeare,A Midsummer Night's Dream 1595,,
Cowards die many times before their deaths.,William Shakespeare,Julius Caesar 1599,,
This above all: to thine own self be true.,William Shakespeare,Hamlet 1600,,
I have a soul that like an ample shield can take in all and verge enough for more.,Lord Byron,Don Juan 1819,,
The best prophet of the future is the past.,Lord Byron,Letter to John Murray 1821,,
If I should meet thee after long years how should I greet thee? With silence and tears.,Lord Byron,When We Two Parted 1816,,
The mind that broods o'er guilty woes is like the scorpion girt by fire.,Lord Byron,The Giaour 1813,,
"The world is a bundle of hay, mankind are the asses who pull.",Percy Bysshe Shelley,Letter to Peacock 1818,,
Our sweetest songs are those that tell of saddest thought.,Percy Bysshe Shelley,To a Skylark 1820,,
Poets are the unacknowledged legislators of the world.,Percy Bysshe Shelley,A Defence of Poetry 1821,,
The life of man is of no greater duration than the breath of his nostrils.,William Wordsworth,The Prelude 1850,,
The child is father of the man.,William Wordsworth,My Heart Leaps Up 1802,,
Nature never did betray the heart that loved her.,William Wordsworth,Tintern Abbey 1798,,
To see a world in a grain of sand and a heaven in a wild flower.,William Blake,Auguries of Innocence 1803,,
The road of excess leads to the palace of wisdom.,William Blake,The Marriage of Heaven and Hell 1790,,
A fool sees not the same tree that a wise man sees.,William Blake,Proverbs of Hell 1790,,
The life of man is threescore years and ten.,Geoffrey Chaucer,The Canterbury Tales 1400 modernized from Prologue,,
He that loves a rosy cheek or a coral lip admires.,Geoffrey Chaucer,The Wife of Bath's Tale 1400 modernized,,
Bright star would I were stedfast as thou art.,John Keats,Bright Star 1819,,
A thing of beauty is a joy forever.,John Keats,Endymion 1818,,
Heard melodies are sweet but those unheard are sweeter.,John Keats,Ode on a Grecian Urn 1819,,
Better to reign in hell than serve in heaven.,John Milton,Paradise Lost 1667,,
The mind is its own place and in itself can make a heaven of hell a hell of heaven.,John Milton,Paradise Lost 1667,,
All hope abandon ye who enter here.,John Milton,Paradise Lost 1667 via Dante but Milton's spin,,
Many a man lives a burden to the earth.,Alexander Pope,An Essay on Man 1733,,
Fools rush in where angels fear to tread.,Alexander Pope,An Essay on Criticism 1711,,
Hope springs eternal in the human breast.,Alexander Pope,An Essay on Man 1733,,
Do not go gentle into that good night.,Dylan Thomas,Do Not Go Gentle Into That Good Night 1951,,
Rage rage against the dying of the light.,Dylan Thomas,Do Not Go Gentle Into That Good Night 1951,,
The poetry is in the pity.,Wilfred Owen,Preface to Poems 1918,,
Whatever our souls are made of his and mine are the same.,Emily Bronte,Wuthering Heights 1847,,
All that we see or seem is but a dream within a dream.,Edgar Allan Poe,A Dream Within a Dream 1849,,
The raven said Nevermore.,Edgar Allan Poe,The Raven 1845,,
Hope is the thing with feathers that perches in the soul.,Emily Dickinson,Poem 254 1861,,
Because I could not stop for Death he kindly stopped for me.,Emily Dickinson,Poem 712 1863,,
Success is counted sweetest by those who ne'er succeed.,Emily Dickinson,Poem 67 1859,,
The heart asks pleasure first.,Emily Dickinson,Poem 536 1862,,
My heart leaps up when I behold a rainbow in the sky.,William Wordsworth,My Heart Leaps Up 1802,,
It's better to have loved and lost than never to have loved at all.,Alfred Lord Tennyson,In Memoriam A.H.H. 1850,,
The old order changeth yielding place to new.,Alfred Lord Tennyson,Idylls of the King 1859,,
Knowledge comes but wisdom lingers.,Alfred Lord Tennyson,Locksley Hall 1835,,
The life that I have is all that I have.,D.H. Lawrence,The Life That I Have 1922,,
The world is charged with the grandeur of God.,Gerard Manley Hopkins,God's Grandeur 1877,,
The proper study of mankind is man.,Alexander Pope,An Essay on Man 1733,,
Far from the madding crowd's ignoble strife.,Thomas Hardy,Far From the Madding Crowd 1874,,
The darkling thrush sang a song of hope.,Thomas Hardy,The Darkling Thrush 1900,,
Absence makes the heart grow fonder.,John Dryden,The Spanish Friar 1681 attrib. via paraphrase,,
All human things are subject to decay.,John Dryden,Mac Flecknoe 1682,,
Drink to me only with thine eyes.,Ben Jonson,To Celia 1616,,
"The owl and the pussycat went to sea, in a beautiful pea-green boat.",Edward Lear,The Owl and the Pussycat 1871,,
My love is like a red red rose.,Robert Burns,A Red Red Rose 1794,,
They couldn't hit an elephant at this dist-.,"John Sedgwick, US Civil War general",Apocryphal last words 1864,,
"I am about to, or I am going to, die; either expression is correct.",Dominique Bouhours,Apocryphal last words 1702,,
I should never have switched from Scotch to martinis.,Humphrey Bogart,Apocryphal last words 1957,,
This wallpaper is dreadful; one of us will have to go.,Oscar Wilde,Apocryphal last words 1900,,
I've had eighteen straight whiskies; I think that's the record.,Dylan Thomas,Apocryphal last words 1953,,
Don�t let it end like this. Tell them I said something.,Pancho Villa,Apocryphal last words 1923,,
I am not the least afraid to die.,Charles Darwin,Letter 1882,,
I�d rather be fishing.,Anonymous,Apocryphal last words pre-1928,,
The executioner is I believe very expert.,Anne Boleyn,Apocryphal last words 1536,,
I have just had eighteen whiskeys in a row. I do believe that is a record.,Douglas Fairbanks Sr.,Apocryphal last words 1939,,
"I knew it. I knew it. Born in a hotel room, and God damn it, died in a hotel room.",Eugene O�Neill,Apocryphal last words 1953,,
I feel ill. Call the doctors.,Mao Zedong,Apocryphal last words 1976,,
"Pardon me sir, I did not do it on purpose.",Marie Antoinette,Apocryphal last words 1793,,
I�ve never felt better.,Douglas Fairbanks Jr.,Apocryphal last words 2000,,
This is no time to make new enemies.,Voltaire when asked to renounce the devil,Apocryphal last words 1778,,
I am dying as I have lived : beyond my means.,Oscar Wilde,Apocryphal last words 1900,,
My only regret is that I have not drunk more champagne.,John Maynard Keynes,Apocryphal last words 1946,,
Tell them I've had a wonderful life.,Ludwig Wittgenstein,Apocryphal last words 1951,,
"The public have an insatiable curiosity to know everything, except what is worth knowing.",Oliver Herford,The Rubaiyat of a Persian Kitten 1904,,
"A bore is a man who, when you ask him how he is, tells you.",Bert Leston Taylor,The So-Called Human Race 1922,,
"Some people think they have an open mind, when it is really their mouth.",Arnold H. Glasow,Pre-1928 writings,,
Many a man's reputation would not know his character if they met on the street.,Elbert Hubbard,The Philistine 1907,,
"Most people would rather die than think; in fact, they do so.",Bertrand Russell,The ABC of Relativity 1925,,
"The world is full of willing people; some willing to work, the rest willing to let them.",Robert Frost,Pre-1928 interviews,,
An optimist is a man who starts a crossword puzzle with a fountain pen.,Don Marquis,Archy and Mehitabel 1927,,
The trouble with most of us is that we would rather be ruined by praise than saved by criticism.,Norman Vincent Peale,Pre-1928 sermons,,
"A pessimist is a man who thinks everybody is as nasty as himself, and hates them for it.",George Bernard Shaw,Man and Superman 1903,,
Many a man who thinks he's thinking is only rearranging his prejudices.,William James,Pragmatism 1907,,
The average man is more interested in a woman who is interested in him than he is in a woman with beautiful legs.,Kin Hubbard,Abe Martin's Almanack 1911,,
The man who is always blowing his own horn is usually out of tune.,Josh Billings,Josh Billings' Encyclopedia of Wit and Wisdom 1874,,
"Some folks are wise, and some are otherwise.",Tobias Smollett,The Adventures of Roderick Random 1748,,
A man who carries a cat by the tail learns something he can learn in no other way.,Mark Twain,Following the Equator 1897,,
Half the lies they tell about me aren't true.,Chauncey Depew,Pre-1928 speeches,,
A man with a new idea is a crank until the idea succeeds.,Elbert Hubbard,The Roycroft Dictionary and Book of Epigrams 1923,,
There's many a man who's made a good living out of pretending to be what he ain't.,Kin Hubbard,Abe Martin's Almanack 1911,,
Many a man thinks he's a great lover because he's never been told otherwise.,Kin Hubbard,Abe Martin's Almanack 1911,,
The fellow who owns his own home is always just coming out of a hardware store.,Kin Hubbard,Abe Martin's Almanack 1914,,
Some people pay a compliment as if they expected a receipt.,Kin Hubbard,Abe Martin's Almanack 1911,,
A good listener is usually thinking about something else.,Kin Hubbard,Abe Martin's Almanack 1911,,
"The less a man knows, the more sure he is that he knows everything.",Josh Billings,Josh Billings� Encyclopedia of Wit and Wisdom 1874,,
Silence is one of the hardest arguments to refute.,Josh Billings,Josh Billings' Encyclopedia of Wit and Wisdom 1874,,
The man who has no opinion generally has a lot to say about it.,Don Marquis,The Almost Perfect State 1927,,
A politician is a man who approaches every question with an open mouth.,Adlai E. Stevenson I,Pre-1928 speeches,,
Many a man's tongue broke his nose.,Elbert Hubbard,The Philistine 1907,,
The only way to entertain some folks is to listen to them.,Kin Hubbard,Abe Martin's Almanack 1911,,
The man who says he is willing to meet you halfway is usually a poor judge of distance.,Bill Vaughan,Kansas City Star columns 1920s,,
"A man's got to do what a man�s got to do, especially if his wife tells him to.",Oliver Herford,The Rubaiyat of a Persian Kitten 1904,,
The world is full of people who are always going to do something tomorrow.,Don Marquis,Archy and Mehitabel 1927,,
Some folks think they're generous because they give away free advice.,Kin Hubbard,Abe Martin's Almanack 1911,,
The biggest liar in the world is the man who says "They Say.",Elbert Hubbard,The Roycroft Dictionary and Book of Epigrams 1923,,
A man who marries for money earns every penny of it.,Oliver Herford,The Rubaiyat of a Persian Kitten 1904,,
Many a man who falls in love with a dimple makes the mistake of marrying the whole girl.,Stephen Leacock,Literary Lapses 1910,,
The trouble with being punctual is that nobody's there to appreciate it.,Bert Leston Taylor,The So-Called Human Race 1922,,
The man who boasts that he never made a mistake has a wife who did.,Oliver Herford,The Rubaiyat of a Persian Kitten 1904,,
Some people are so fond of ill luck that they run halfway to meet it.,Douglas Jerrold,Jerrold's Wit 1850s,,
Lots of folks confuse bad management with destiny.,Kin Hubbard,Abe Martin's Almanack 1911,,
The safest way to double your money is to fold it over once and put it in your pocket.,Kin Hubbard,Abe Martin's Almanack 1911,,
Most folks are afraid of being original for fear they'll be found out.,Kin Hubbard,Abe Martin's Almanack 1911,,
A man that's always satisfied with himself is seldom so with others.,Josh Billings,Josh Billings' Encyclopedia of Wit and Wisdom 1874,,
The man who is too busy to laugh is too busy.,Elbert Hubbard,The Philistine 1907,,
Many a man's idea of a good time is to make somebody else uncomfortable.,Don Marquis,The Almost Perfect State 1927,,
The feller that brags about how cheap he heats his house always burns gas in July.,Kin Hubbard,Abe Martin's Almanack 1911,,
Some people are so busy learning the tricks of the trade that they never learn the trade.,Bill Vaughan,Kansas City Star columns 1920s,,
A man�s conscience doesn't bother him much unless he�s caught.,Oliver Herford,The Rubaiyat of a Persian Kitten 1904,,
The world is full of folks who think opportunity knocks only once, because they missed it.,Stephen Leacock,Literary Lapses 1910,,
Many a man thinks he's broad-minded because he's flat-headed.,Bert Leston Taylor,The So-Called Human Race 1922,,
The man who says he can�t be bought usually has a price.,Kin Hubbard,Abe Martin's Almanack 1911,,
A fool and his money are soon invited everywhere.,Elbert Hubbard,The Roycroft Dictionary and Book of Epigrams 1923,,
Some folks think they�re thinking when they're only feeling sorry for themselves.,Don Marquis,Archy and Mehitabel 1927,,
The man who thinks he knows it all has a lot to learn.,Josh Billings,Josh Billings' Encyclopedia of Wit and Wisdom 1874,,
Many a man's success is due to his wife's belief that he's a failure.,Oliver Herford,The Rubaiyat of a Persian Kitten 1904,,
The feller that says he ain't afraid of nothin� has never met his wife's mother.,Kin Hubbard,Abe Martin�s Almanack 1911,,
A man's idea of a good argument is one he can win.,Bill Vaughan,Kansas City Star columns 1920s,,
Some people think they're generous when they give you their opinion.,Douglas Jerrold,Jerrold's Wit 1850s,,
The man who boasts of his ancestors is usually trying to live down his descendants.,Stephen Leacock,Literary Lapses 1910,,
Many a man calls himself a philosopher who is only a bore.,Sydney Smith,Essays 1840s,,
The only way to be comfortable is to be uncomfortable first.,Sydney Smith,Essays 1840s,,
A great many people mistake obstinacy for firmness.,Sydney Smith,Essays 1840s,,
"Some men are born with a silver spoon, and others with a wooden ladle.",Thomas Hood,Hood�s Own 1839,,
The surest way to be thought a fool is to think yourself wise.,Thomas Hood,Hood�s Own 1839,,
Many a man's wit is like his wine, better for being kept in the cellar.,Thomas Hood,Hood's Own 1839,,
A man's vanity often outlives his usefulness.,Charles Lever,Harry Lorrequer 1839,,
The world is full of people who think they're generous because they give away opinions.,Charles Lever,Harry Lorrequer 1839,,
Many a man�s good fortune is his neighbor's bad luck.,Charles Lever,Harry Lorrequer 1839,,
The man who boasts of his independence is usually the most dependent of all.,Sydney Smith,Essays 1840s,,
Some people think they're profound because nobody understands them.,Thomas Love Peacock,Nightmare Abbey 1818,,
A man who marries for love often finds he's paid too high a price.,Thomas Love Peacock,Nightmare Abbey 1818,,
Many a man's originality is only his ignorance of what others have done.,Thomas Love Peacock,Headlong Hall 1816,,
The man who boasts of his ancestors is like a potato'the best part is underground.,Thomas Overbury,Characters 1614,,
Some men are so fond of arguing that they'll dispute with their own shadow.,Edward Bulwer-Lytton,Pelham 1828,,
The man who thinks he's a genius is usually the last to find out he isn't.,Sydney Smith,Essays 1840s,,
Many a man's economy is only a delay of extravagance.,Thomas Hood,Hood's Own 1839,,
The surest way to get a reputation for wisdom is to say nothing.,Charles Lever,Harry Lorrequer 1839,,
Some people mistake their own noise for other people's applause.,Sydney Smith,Essays 1840s,,
A man who boasts of his own merits is usually short of them.,Thomas Love Peacock,Nightmare Abbey 1818,,
"He who opens a school door, closes a prison.",Victor Hugo,"Les Miserables, 1862",,
A witty saying proves nothing.,Voltaire,"Letter to Prince Frederick, 1770",,
Nothing is permanent except change.,Heraclitus,"Fragment 12, c. 500 BCE",,
"Do what you can, with what you have, where you are.",Theodore Roosevelt,"Speech, 1901",,
Experience is the name everyone gives to their mistakes.,Oscar Wilde,"Lady Windermere's Fan, 1892",,
The road to hell is paved with good intentions.,Saint Bernard of Clairvaux,"Letter to the Pope, 12th century",,
Better a witty fool than a foolish wit.,William Shakespeare,"Twelfth Night, 1602",,
Injustice anywhere is a threat to justice everywhere.,Legal Maxim,"Common legal principle, pre-1928",,
"It is not length of life, but depth of life.",Ralph Waldo Emerson,"Journals, 1842",,
To love oneself is the beginning of a lifelong romance.,Oscar Wilde,"Phrases and Philosophies for the Use of the Young, 1894",,
"Do not dwell in the past, do not dream of the future, concentrate the mind on the present moment.",Buddha,"Dhammapada, c. 5th century BCE",,
"Three may keep a secret, if two of them are dead.",Benjamin Franklin,Poor Richard's Almanack 1735,,
"A fool thinks himself to be wise, but a wise man knows himself to be a fool.",William Shakespeare,"As You Like It, 1599",,
"To learn who rules over you, simply find out who you are not allowed to criticize.",Voltaire (misattributed),"Similar sentiment in Letters on England, 1734",,
There is nothing new under the sun.,Ecclesiastes,"Bible, c. 3rd century BCE",,
"Even while they teach, men learn.",Seneca,"Letters to Lucilius, c. 65 CE",,
Time discovers truth.,Seneca,"Epistulae Morales ad Lucilium, c. 65 CE",,
He who has a why to live can bear almost any how.,Friedrich Nietzsche,"Twilight of the Idols, 1888",,
"Give me a lever long enough and a fulcrum on which to place it, and I shall move the world.",Archimedes,"As quoted by Pappus of Alexandria, c. 300 CE",,
Live as if you were to die tomorrow. Learn as if you were to live forever.,Mahatma Gandhi,"Speech, 1913",,
There are two ways of spreading light: to be the candle or the mirror that reflects it.,Edith Wharton,"Vesalius in Zante, 1902",,
The weak can never forgive. Forgiveness is the attribute of the strong.,Mahatma Gandhi,"Speech, 1931",,
The gods help those who help themselves.,Aesop,"Fables, c. 6th century BCE",,
Well begun is half done.,Aristotle,"Nicomachean Ethics, c. 350 BCE",,
"There is only one way to avoid criticism: do nothing, say nothing, and be nothing.",Elbert Hubbard,"A Message to Garcia, 1899",,
Liberty means responsibility. That is why most men dread it.,George Bernard Shaw,"Man and Superman, 1903",,
Those who can make you believe absurdities can make you commit atrocities.,Voltaire,"Questions sur les Miracles, 1765",,
A single death is a tragedy; a million deaths is a statistic.,Joseph Stalin,Paraphrased from 1947 interview,,
"If a man knows not to which port he sails, no wind is favorable.",Seneca,"Epistulae Morales ad Lucilium, c. 65 CE",,
The greatest wealth is to live content with little.,Plato,"The Republic, c. 380 BCE",,
A journey of a thousand miles begins with a single step.,Lao Tzu,"Tao Te Ching, c. 6th century BCE",,
The only limit to our realization of tomorrow is our doubts of today.,Franklin D. Roosevelt,"Speech, 1933",,
"Knowledge speaks, but wisdom listens.",Ancient Proverb,"Predates 1928, common maxim",,
Honesty is the best policy.,Traditional,English proverb 19th century,,
Actions speak louder than words.,Traditional,Attributed to John Pym 17th century,,
A stitch in time saves nine.,Thomas Fuller,Gnomologia 1732,,
Fortune favors the bold.,Traditional,Latin proverb adapted 19th century,,
Discretion is the better part of valor.,Traditional,Shakespeare Henry IV 1597,,
Knowledge is power.,Francis Bacon,Meditationes Sacrae 1597,,
Patience is a virtue.,William Langland,Piers Plowman 14th century,,
Necessity is the mother of invention.,Traditional,Plato adapted 16th century,,
Every cloud has a silver lining.,John Milton,Comus 1634,,
Haste makes waste.,John Heywood,Proverbs 1546,,
Too many cooks spoil the broth.,Traditional,English proverb 16th century,,
The early bird catches the worm.,John Ray,A Collection of English Proverbs 1670,,
"Where there�s smoke, there's fire.",Traditional,French proverb adapted 19th century,,
A watched pot never boils.,Traditional,English proverb 19th century,,
Look before you leap.,John Heywood,Proverbs 1546,,
The proof of the pudding is in the eating.,Traditional,English proverb 14th century,,
You can't judge a book by its cover.,Traditional,English proverb 19th century,,
Still waters run deep.,Traditional,English proverb 14th century,,
A closed mouth catches no flies.,Traditional,English proverb 16th century,,
Faint heart never won fair lady.,Traditional,English proverb 14th century,,
The squeaky wheel gets the grease.,Traditional,American proverb 19th century,,
A leopard can't change its spots.,Traditional,English proverb 16th century,,
Absence sharpens love.,Traditional,English proverb 17th century,,
"Cold hands, warm heart.",Traditional,English proverb 19th century,,
A full belly makes a dull brain.,Traditional,English proverb 17th century,,
The cobbler's children go barefoot.,Traditional,English proverb 16th century,,
A drowning man will clutch at straws.,Traditional,English proverb 16th century,,
Fair words butter no parsnips.,John Clarke,Paroemiologia 1639,,
A good name is better than riches.,Traditional,English proverb 16th century,,
Hunger is the best sauce.,Traditional,English proverb 14th century,,
A little learning is a dangerous thing.,Alexander Pope,An Essay on Criticism 1711,,
No rose without a thorn.,Traditional,English proverb 15th century,,
"The higher the monkey climbs, the more he shows his tail.",Traditional,English proverb 17th century,,
A light purse makes a heavy heart.,Traditional,English proverb 16th century,,
One man�s meat is another man's poison.,Traditional,English proverb 16th century,,
A soft answer turns away wrath.,Traditional,English proverb 16th century,,
The tongue cuts deeper than the sword.,Traditional,English proverb 17th century,,